ROWID_OBJECT,CREATOR,CREATE_DATE,UPDATED_BY,LAST_UPDATE_DATE,CONSOLIDATION_IND,DELETED_IND,DELETED_BY,DELETED_DATE,LAST_ROWID_SYSTEM,DIRTY_IND,INTERACTION_ID,HUB_STATE_IND,CM_DIRTY_IND,ADDR_LINE1,ADDR_LINE2,ADDR_LINE3,CITY,CNTRY,STATE,COUNTY,PIN_CD
1,admin,2022-01-12T23:36:07.276+05:30,admin,2022-01-12T23:36:08.280+05:30,4,,,,VEEVA,,,1,,1201 3rd Ave SE,3rd Ave SE,,Cedar Rapids,US,Iowa,,52403
2,admin,2022-01-12T23:36:08.280+05:30,admin,2022-01-12T23:36:08.281+05:30,4,,,,VEEVA,,,1,,701 10th St SE,10th St SE,,Cedar Rapids,US,Iowa,,52403
3,admin,2022-01-12T23:36:08.281+05:30,admin,2022-01-12T23:36:08.282+05:30,4,,,,VEEVA,,,1,,3205 Grand Ave Apt 207,Grand Ave,,Des Moines,US,Iowa,,50312
4,admin,2022-01-12T23:36:08.282+05:30,admin,2022-01-12T23:36:08.283+05:30,4,,,,VEEVA,,,1,,95 University Ave Ste 8,University Ave,,Des Moines,US,Iowa,,50314
5,admin,2022-01-12T23:36:08.283+05:30,admin,2022-01-12T23:36:08.283+05:30,4,,,,VEEVA,,,1,,3001 Euclid Ave,Euclid Ave,,Des Moines,US,Iowa,,50310
6,admin,2022-01-12T23:36:08.283+05:30,admin,2022-01-12T23:36:08.284+05:30,4,,,,VEEVA,,,1,,1212 Pleasant St,Pleasant St,,Des Moines,US,Iowa,,50309
7,admin,2022-01-12T23:36:08.284+05:30,admin,2022-01-12T23:36:08.284+05:30,4,,,,VEEVA,,,1,,1801 Hickman Rd,Hickman Rd,,Des Moines,US,Iowa,,50314
8,admin,2022-01-12T23:36:08.284+05:30,admin,2022-01-12T23:36:08.284+05:30,4,,,,VEEVA,,,1,,1026 A Ave NE,A Ave NE,,Cedar Rapids,US,Iowa,,52402
9,admin,2022-01-12T23:36:08.285+05:30,admin,2022-01-12T23:36:08.285+05:30,4,,,,VEEVA,,,1,,432 King Dr,King Dr,,Waterloo,US,Iowa,,50702
10,admin,2022-01-12T23:36:08.285+05:30,admin,2022-01-12T23:36:08.285+05:30,4,,,,VEEVA,,,1,,600 7th St SE,7th St SE,,Cedar Rapids,US,Iowa,,52401
11,admin,2022-01-12T23:36:08.285+05:30,admin,2022-01-12T23:36:08.286+05:30,4,,,,VEEVA,,,1,,1221 Pleasant St Ste 300,Pleasant St,,Des Moines,US,Iowa,,50309
12,admin,2022-01-12T23:36:08.286+05:30,admin,2022-01-12T23:36:08.286+05:30,4,,,,VEEVA,,,1,,8495 Crater Lake Hwy,Crater Lake Hwy,,White City,US,Oregon,,97503
13,admin,2022-01-12T23:36:08.286+05:30,admin,2022-01-12T23:36:08.286+05:30,4,,,,VEEVA,,,1,,501 N Graham St,N Graham St,,Portland,US,Oregon,,97227
14,admin,2022-01-12T23:36:08.286+05:30,admin,2022-01-12T23:36:08.287+05:30,4,,,,VEEVA,,,1,,14740 NW Cornell Rd,NW Cornell Rd,,Portland,US,Oregon,,97229
15,admin,2022-01-12T23:36:08.287+05:30,admin,2022-01-12T23:36:08.287+05:30,4,,,,VEEVA,,,1,,149 NE 102nd Ave,NE 102nd Ave,,Portland,US,Oregon,,97220
16,admin,2022-01-12T23:36:08.287+05:30,admin,2022-01-12T23:36:08.288+05:30,4,,,,VEEVA,,,1,,1735 Virginia Ave,Virginia Ave,,North Bend,US,Oregon,,97459
17,admin,2022-01-12T23:36:08.288+05:30,admin,2022-01-12T23:36:08.288+05:30,4,,,,VEEVA,,,1,,8029 SE Woodstock Blvd,SE Woodstock Blvd,,Portland,US,Oregon,,97206
18,admin,2022-01-12T23:36:08.288+05:30,admin,2022-01-12T23:36:08.288+05:30,4,,,,VEEVA,,,1,,16800 SE Evelyn St,SE Evelyn St,,Clackamas,US,Oregon,,97015
19,admin,2022-01-12T23:36:08.288+05:30,admin,2022-01-12T23:36:08.289+05:30,4,,,,VEEVA,,,1,,4310 Highway 101,Highway 101,,Florence,US,Oregon,,97439
20,admin,2022-01-12T23:36:08.289+05:30,admin,2022-01-12T23:36:08.289+05:30,4,,,,VEEVA,,,1,,3233 SW 11th Ave 5,SW 11th Ave,,Portland,US,Oregon,,97239
21,admin,2022-01-12T23:36:08.289+05:30,admin,2022-01-12T23:36:08.290+05:30,4,,,,VEEVA,,,1,,5717 NE 138th Ave,NE 138th Ave,,Portland,US,Oregon,,97230
22,admin,2022-01-12T23:36:08.290+05:30,admin,2022-01-12T23:36:08.290+05:30,4,,,,VEEVA,,,1,,90379 Shadows Dr,Shadows Dr,,Springfield,US,Oregon,,97478
23,admin,2022-01-12T23:36:08.290+05:30,admin,2022-01-12T23:36:08.290+05:30,4,,,,VEEVA,,,1,,11125 NE Sandy Blvd,NE Sandy Blvd,,Portland,US,Oregon,,97220
24,admin,2022-01-12T23:36:08.291+05:30,admin,2022-01-12T23:36:08.291+05:30,4,,,,VEEVA,,,1,,1320 E Euclid Ave,E Euclid Ave,,Des Moines,US,Iowa,,50316
25,admin,2022-01-12T23:36:08.291+05:30,admin,2022-01-12T23:36:08.291+05:30,4,,,,VEEVA,,,1,,4900 Franklin Ave,Franklin Ave,,Des Moines,US,Iowa,,50310
26,admin,2022-01-12T23:36:08.291+05:30,admin,2022-01-12T23:36:08.292+05:30,4,,,,VEEVA,,,1,,1220 1st Ave NE,1st Ave NE,,Cedar Rapids,US,Iowa,,52402
27,admin,2022-01-12T23:36:08.292+05:30,admin,2022-01-12T23:36:08.292+05:30,4,,,,VEEVA,,,1,,1860 Virginia Ave,Virginia Ave,,North Bend,US,Oregon,,97459
28,admin,2022-01-12T23:36:08.292+05:30,admin,2022-01-12T23:36:08.293+05:30,4,,,,VEEVA,,,1,,2841 Avenue G Ste 100,Avenue G,,White City,US,Oregon,,97503
29,admin,2022-01-12T23:36:08.293+05:30,admin,2022-01-12T23:36:08.293+05:30,4,,,,VEEVA,,,1,,124 NE Evelyn Ave,NE Evelyn Ave,,Grants Pass,US,Oregon,,97526
30,admin,2022-01-12T23:36:08.293+05:30,admin,2022-01-12T23:36:08.294+05:30,4,,,,VEEVA,,,1,,5001 1st Ave SE,1st Ave SE,,Cedar Rapids,US,Iowa,,52402
31,admin,2022-01-12T23:36:08.294+05:30,admin,2022-01-12T23:36:08.294+05:30,4,,,,VEEVA,,,1,,3300 Johnson Ave NW,Johnson Ave NW,,Cedar Rapids,US,Iowa,,52405
32,admin,2022-01-12T23:36:08.294+05:30,admin,2022-01-12T23:36:08.294+05:30,4,,,,VEEVA,,,1,,525 10th St SE,10th St SE,,Cedar Rapids,US,Iowa,,52403
33,admin,2022-01-12T23:36:08.294+05:30,admin,2022-01-12T23:36:08.295+05:30,4,,,,VEEVA,,,1,,4000 University Ave,University Ave,,Waterloo,US,Iowa,,50701
34,admin,2022-01-12T23:36:08.295+05:30,admin,2022-01-12T23:36:08.295+05:30,4,,,,VEEVA,,,1,,939 19th St,19th St,,Des Moines,US,Iowa,,50314
35,admin,2022-01-12T23:36:08.295+05:30,admin,2022-01-12T23:36:08.295+05:30,4,,,,VEEVA,,,1,,603 E 12th St,E 12th St,,Des Moines,US,Iowa,,50319
36,admin,2022-01-12T23:36:08.297+05:30,admin,2022-01-12T23:36:08.297+05:30,4,,,,VEEVA,,,1,,4433 NE Tillamook St,NE Tillamook St,,Portland,US,Oregon,,97213
37,admin,2022-01-12T23:36:08.297+05:30,admin,2022-01-12T23:36:08.297+05:30,4,,,,VEEVA,,,1,,1433 NE 69th Ave,NE 69th Ave,,Portland,US,Oregon,,97213
38,admin,2022-01-12T23:36:08.297+05:30,admin,2022-01-12T23:36:08.297+05:30,4,,,,VEEVA,,,1,,235 Q St,Q St,,Springfield,US,Oregon,,97477
39,admin,2022-01-12T23:36:08.297+05:30,admin,2022-01-12T23:36:08.297+05:30,4,,,,VEEVA,,,1,,2230 Kingwood St,Kingwood St,,Florence,US,Oregon,,97439
40,admin,2022-01-12T23:36:08.297+05:30,admin,2022-01-12T23:36:08.298+05:30,4,,,,VEEVA,,,1,,12672 NW Barnes Rd Ste 100,NW Barnes Rd,,Portland,US,Oregon,,97229
41,admin,2022-01-12T23:36:08.298+05:30,admin,2022-01-12T23:36:08.298+05:30,4,,,,VEEVA,,,1,,4732 NW Bethany Blvd,NW Bethany Blvd,,Portland,US,Oregon,,97229
42,admin,2022-01-12T23:36:08.298+05:30,admin,2022-01-12T23:36:08.299+05:30,4,,,,VEEVA,,,1,,10200 SE Sunnyside Rd,SE Sunnyside Rd,,Clackamas,US,Oregon,,97015
43,admin,2022-01-12T23:36:08.299+05:30,admin,2022-01-12T23:36:08.299+05:30,4,,,,VEEVA,,,1,,5900 N Lombard St,N Lombard St,,Portland,US,Oregon,,97203
44,admin,2022-01-12T23:36:08.299+05:30,admin,2022-01-12T23:36:08.299+05:30,4,,,,VEEVA,,,1,,12029 NE Glenn Widing Dr,NE Glenn Widing Dr,,Portland,US,Oregon,,97220
45,admin,2022-01-12T23:36:08.300+05:30,admin,2022-01-12T23:36:08.300+05:30,4,,,,VEEVA,,,1,,10305 SW Park Way Ste 300,SW Park Way,,Portland,US,Oregon,,97225
